7328012	127.0.0.1	11/19/15 11:37:14	New User	unknown
3555814	10.108.121.44	11/19/15 11:41:50	New User	unknown
5106186	10.108.121.78	11/19/15 11:42:32	New User	unknown
5240426	10.108.121.68	11/19/15 22:33:30	New User	unknown
7328012	127.0.0.1	11/27/15 19:53:44	digital	1
7328012	127.0.0.1	11/27/15 20:02:17	digital	1
7328012	127.0.0.1	11/27/15 20:13:58	digital	1
7328012	127.0.0.1	11/28/15 20:44:44	digital	1
7328012	127.0.0.1	11/28/15 20:45:24	digital	1
7328012	127.0.0.1	11/28/15 20:45:40	digital	1
7328012	127.0.0.1	11/28/15 21:20:26	digital	1
7328012	127.0.0.1	11/28/15 21:22:11	digital	1
7328012	127.0.0.1	11/28/15 21:23:01	digital	1
7328012	127.0.0.1	11/28/15 21:23:54	digital	1
7328012	127.0.0.1	11/28/15 21:24:17	digital	1
7328012	127.0.0.1	11/28/15 21:25:15	digital	1
7328012	127.0.0.1	11/28/15 21:27:56	digital	1
7328012	127.0.0.1	11/28/15 21:29:01	digital	1
7328012	127.0.0.1	11/28/15 21:29:25	digital	1
7328012	127.0.0.1	11/28/15 21:31:32	digital	1
7328012	127.0.0.1	11/28/15 22:36:35	digital	1
7328012	127.0.0.1	11/29/15 13:02:59	digital	1
7328012	127.0.0.1	11/29/15 13:03:00	digital	1
5711546	127.0.0.1	11/29/15 13:03:12	New User	unknown
9550430	127.0.0.1	11/29/15 13:05:20	New User	unknown
6930305	127.0.0.1	11/29/15 13:10:20	Unknown	Unknown
4642084	127.0.0.1	11/29/15 13:15:42	Unknown	Unknown
7714706	127.0.0.1	11/29/15 13:16:05	Unknown	Unknown
3004405	127.0.0.1	11/29/15 13:16:15	Unknown	Unknown
5513330	127.0.0.1	11/29/15 13:16:21	Unknown	Unknown
5409367	127.0.0.1	11/29/15 13:17:01	Unknown	Unknown
7870746	127.0.0.1	11/29/15 13:22:48	Unknown	Unknown
7870746	127.0.0.1	11/29/15 13:23:24	Unknown	Unknown
7870746	127.0.0.1	11/29/15 13:23:40	Unknown	Unknown
7870746	127.0.0.1	11/29/15 13:23:47	Unknown	Unknown
7870746	127.0.0.1	11/29/15 13:34:50	Unknown	Unknown
7870746	127.0.0.1	11/29/15 13:34:55	Unknown	Unknown
7870746	127.0.0.1	11/29/15 13:34:57	Unknown	Unknown
7870746	127.0.0.1	11/29/15 13:35:06	Unknown	Unknown
7870746	127.0.0.1	11/29/15 13:37:57	Unknown	Unknown
7870746	127.0.0.1	11/29/15 13:45:20	Unknown	Unknown
7870746	127.0.0.1	11/29/15 13:45:31	Unknown	Unknown
7870746	127.0.0.1	11/29/15 13:45:32	Unknown	Unknown
7870746	127.0.0.1	11/29/15 13:45:32	Unknown	Unknown
7870746	127.0.0.1	11/29/15 13:45:33	Unknown	Unknown
7870746	127.0.0.1	11/29/15 13:45:33	Unknown	Unknown
7870746	127.0.0.1	11/29/15 13:45:34	Unknown	Unknown
7870746	127.0.0.1	11/29/15 13:45:35	Unknown	Unknown
7870746	127.0.0.1	11/29/15 13:45:35	Unknown	Unknown
7870746	127.0.0.1	11/29/15 13:45:35	Unknown	Unknown
7870746	127.0.0.1	11/29/15 13:45:36	Unknown	Unknown
7870746	127.0.0.1	11/29/15 13:45:36	Unknown	Unknown
7870746	127.0.0.1	11/29/15 13:45:37	Unknown	Unknown
7870746	127.0.0.1	11/29/15 13:45:37	Unknown	Unknown
7870746	127.0.0.1	11/29/15 13:45:37	Unknown	Unknown
7870746	127.0.0.1	11/29/15 13:45:43	Unknown	Unknown
7870746	127.0.0.1	11/29/15 13:45:44	Unknown	Unknown
7870746	127.0.0.1	11/29/15 13:45:44	Unknown	Unknown
7870746	127.0.0.1	11/29/15 13:45:44	Unknown	Unknown
7870746	127.0.0.1	11/29/15 13:45:45	Unknown	Unknown
7870746	127.0.0.1	11/29/15 13:45:45	Unknown	Unknown
7870746	127.0.0.1	11/29/15 13:45:45	Unknown	Unknown
7870746	127.0.0.1	11/29/15 13:45:46	Unknown	Unknown
7870746	127.0.0.1	11/29/15 13:45:46	Unknown	Unknown
7870746	127.0.0.1	11/29/15 13:45:47	Unknown	Unknown
7870746	127.0.0.1	11/29/15 13:45:50	Unknown	Unknown
7870746	127.0.0.1	11/29/15 13:46:05	Unknown	Unknown
7870746	127.0.0.1	11/29/15 13:46:06	Unknown	Unknown
7870746	127.0.0.1	11/29/15 13:46:07	Unknown	Unknown
7870746	127.0.0.1	11/29/15 13:46:08	Unknown	Unknown
7870746	127.0.0.1	11/29/15 13:59:17	Unknown	Unknown
7870746	127.0.0.1	11/29/15 14:01:11	Unknown	Unknown
7870746	127.0.0.1	11/29/15 14:01:13	Unknown	Unknown
7870746	127.0.0.1	11/29/15 14:01:14	Unknown	Unknown
7870746	127.0.0.1	11/29/15 14:01:15	Unknown	Unknown
7870746	127.0.0.1	11/29/15 14:01:16	Unknown	Unknown
7870746	127.0.0.1	11/29/15 14:02:39	skin	Unknown
7870746	127.0.0.1	11/29/15 14:08:16	shoes	1
7870746	127.0.0.1	11/29/15 14:45:33	shoes	1
7870746	127.0.0.1	11/29/15 15:11:00	shoes	1
7870746	127.0.0.1	11/29/15 15:11:04	shoes	1
7870746	127.0.0.1	11/29/15 15:52:42	shoes	1
7870746	127.0.0.1	11/29/15 15:54:15	shoes	1
7870746	127.0.0.1	11/29/15 15:55:47	shoes	1
7870746	127.0.0.1	11/29/15 15:56:09	shoes	1
7870746	127.0.0.1	11/29/15 16:03:07	shoes	1
7870746	127.0.0.1	12/01/15 14:51:39	shoes	1
7870746	127.0.0.1	12/01/15 14:52:36	shoes	1
7870746	127.0.0.1	12/01/15 14:52:39	shoes	1
7870746	127.0.0.1	12/01/15 14:53:01	shoes	1
7870746	127.0.0.1	12/01/15 15:00:25	shoes	1
7600519	127.0.0.1	12/01/15 15:00:45	Unknown	Unknown
7600519	127.0.0.1	12/01/15 15:01:02	skin	0
7600519	127.0.0.1	12/01/15 15:01:40	digital	1
8411415	127.0.0.1	12/01/15 15:01:50	Unknown	Unknown
8411415	127.0.0.1	12/01/15 15:02:11	skin	0
8411415	127.0.0.1	12/01/15 15:02:33	skin	0
8411415	127.0.0.1	12/01/15 15:02:39	skin	0
8411415	127.0.0.1	12/01/15 15:02:46	skin	0
8411415	127.0.0.1	12/01/15 15:02:56	digital	1
8411415	127.0.0.1	12/01/15 15:03:59	digital	1
3227828	127.0.0.1	12/01/15 15:06:44	Unknown	Unknown
3227828	127.0.0.1	12/01/15 15:07:09	skin	Unknown
3227828	127.0.0.1	12/01/15 15:07:33	skin	Unknown
3227828	127.0.0.1	12/01/15 15:07:43	skin	1
3227828	127.0.0.1	12/01/15 15:08:24	skin	0
3227828	127.0.0.1	12/01/15 15:08:40	skin	1
752087	127.0.0.1	12/01/15 15:08:59	Unknown	Unknown
752087	127.0.0.1	12/01/15 15:09:07	shoes	1
752087	127.0.0.1	12/01/15 15:10:56	shoes	1
752087	127.0.0.1	12/01/15 15:11:20	shoes	1
752087	127.0.0.1	12/01/15 15:11:21	shoes	1
752087	127.0.0.1	12/01/15 15:19:52	shoes	1
752087	127.0.0.1	12/01/15 15:20:03	shoes	1
1034292	127.0.0.1	12/01/15 15:20:11	Unknown	Unknown
1034292	127.0.0.1	12/01/15 15:20:21	Unknown	Unknown
1034292	127.0.0.1	12/01/15 15:20:31	Unknown	Unknown
1034292	127.0.0.1	12/01/15 15:20:42	Unknown	Unknown
1034292	127.0.0.1	12/01/15 15:20:53	Unknown	Unknown
1034292	127.0.0.1	12/01/15 15:20:54	Unknown	Unknown
1034292	127.0.0.1	12/01/15 15:20:54	Unknown	Unknown
1034292	127.0.0.1	12/01/15 15:20:55	Unknown	Unknown
5203572	127.0.0.1	12/01/15 15:21:07	Unknown	Unknown
5203572	127.0.0.1	12/01/15 15:21:16	Unknown	Unknown
5203572	127.0.0.1	12/01/15 15:21:32	Unknown	Unknown
5203572	127.0.0.1	12/01/15 15:24:25	Unknown	Unknown
5203572	127.0.0.1	12/01/15 15:24:27	Unknown	Unknown
5203572	127.0.0.1	12/01/15 15:29:41	Unknown	Unknown
5203572	127.0.0.1	12/01/15 15:29:51	Unknown	Unknown
5203572	127.0.0.1	12/01/15 15:29:53	Unknown	Unknown
5203572	127.0.0.1	12/01/15 15:34:23	Unknown	Unknown
5203572	127.0.0.1	12/01/15 15:34:52	Unknown	Unknown
5203572	127.0.0.1	12/01/15 15:35:00	Unknown	Unknown
5203572	127.0.0.1	12/01/15 15:35:06	Unknown	Unknown
5203572	127.0.0.1	12/01/15 15:35:09	Unknown	Unknown
5203572	127.0.0.1	12/01/15 15:35:10	Unknown	Unknown
5203572	127.0.0.1	12/01/15 15:35:19	Unknown	Unknown
5203572	127.0.0.1	12/01/15 15:35:20	Unknown	Unknown
1698523	127.0.0.1	12/01/15 15:36:11	Unknown	Unknown
1698523	127.0.0.1	12/01/15 15:36:20	Unknown	Unknown
1698523	127.0.0.1	12/01/15 15:36:31	Unknown	Unknown
1698523	127.0.0.1	12/01/15 15:36:40	Unknown	Unknown
1698523	127.0.0.1	12/01/15 15:36:58	shoes	0
8044417	127.0.0.1	12/01/15 15:38:37	Unknown	Unknown
8044417	127.0.0.1	12/01/15 15:39:28	shoes	1
8044417	127.0.0.1	12/01/15 15:40:42	shoes	1
8044417	127.0.0.1	12/01/15 15:40:48	digital	1
5467310	127.0.0.1	12/01/15 15:40:54	Unknown	Unknown
5467310	127.0.0.1	12/01/15 15:40:59	skin	0
5467310	127.0.0.1	12/01/15 15:41:11	skin	0
5467310	127.0.0.1	12/01/15 15:42:59	skin	0
5467310	127.0.0.1	12/01/15 15:43:16	skin	0
5467310	127.0.0.1	12/01/15 15:44:16	skin	0
5467310	127.0.0.1	12/01/15 15:44:27	skin	0
5467310	127.0.0.1	12/01/15 15:44:27	skin	0
5467310	127.0.0.1	12/01/15 15:44:43	skin	0
5467310	127.0.0.1	12/01/15 15:44:52	skin	0
5467310	127.0.0.1	12/01/15 15:47:38	skin	0
9414724	127.0.0.1	12/01/15 15:47:42	Unknown	Unknown
9414724	127.0.0.1	12/01/15 15:47:45	skin	0
9414724	127.0.0.1	12/01/15 15:48:04	skin	0
1067654	127.0.0.1	12/01/15 15:48:17	Unknown	Unknown
1067654	127.0.0.1	12/01/15 15:48:20	skin	0
5219732	127.0.0.1	12/01/15 15:48:39	Unknown	Unknown
5219732	127.0.0.1	12/01/15 15:48:43	Unknown	Unknown
5219732	127.0.0.1	12/01/15 15:48:44	Unknown	Unknown
5219732	127.0.0.1	12/01/15 15:48:45	skin	0
5219732	127.0.0.1	12/01/15 15:48:45	skin	0
5219732	127.0.0.1	12/01/15 15:48:46	skin	0
5219732	127.0.0.1	12/01/15 15:48:47	skin	0
5219732	127.0.0.1	12/01/15 15:48:47	skin	0
5219732	127.0.0.1	12/01/15 15:48:48	skin	0
5219732	127.0.0.1	12/01/15 15:48:49	skin	0
5219732	127.0.0.1	12/01/15 15:48:49	skin	0
5219732	127.0.0.1	12/01/15 15:48:50	skin	0
5219732	127.0.0.1	12/01/15 15:48:51	skin	0
5219732	127.0.0.1	12/01/15 15:48:55	skin	0
5219732	127.0.0.1	12/01/15 15:48:55	skin	0
5219732	127.0.0.1	12/01/15 15:48:56	skin	0
7535438	127.0.0.1	12/01/15 15:57:24	Unknown	Unknown
7535438	127.0.0.1	12/01/15 15:57:32	shoes	1
7535438	127.0.0.1	12/01/15 15:57:42	digital	1
3932316	127.0.0.1	12/01/15 15:57:53	Unknown	Unknown
3932316	127.0.0.1	12/01/15 15:58:01	skin	0
3932316	127.0.0.1	12/01/15 16:13:33	skin	Unknown
3932316	127.0.0.1	12/01/15 16:13:33	skin	Unknown
3932316	127.0.0.1	12/01/15 16:13:41	skin	Unknown
3932316	127.0.0.1	12/01/15 16:13:42	skin	Unknown
3932316	127.0.0.1	12/01/15 16:13:49	skin	1
3932316	127.0.0.1	12/01/15 16:13:56	skin	Unknown
3932316	127.0.0.1	12/01/15 16:14:05	skin	1
3932316	127.0.0.1	12/01/15 16:14:12	skin	1
3932316	127.0.0.1	12/01/15 16:14:13	skin	1
3932316	127.0.0.1	12/01/15 16:14:16	skin	1
3932316	127.0.0.1	12/01/15 16:14:23	digital	1
3932316	127.0.0.1	12/01/15 16:14:47	digital	1
3555814	10.108.121.44	12/01/15 16:16:23	digital	Unknown
2960775	10.108.121.44	12/01/15 16:16:32	Unknown	Unknown
2960775	10.108.121.44	12/01/15 16:16:38	skin	0
1624170	10.108.118.36	12/01/15 16:17:40	Unknown	Unknown
3660768	10.108.118.43	12/01/15 16:17:40	Unknown	Unknown
2440564	10.108.118.43	12/01/15 16:17:40	Unknown	Unknown
4324141	10.108.118.43	12/01/15 16:17:40	Unknown	Unknown
1624170	10.108.118.36	12/01/15 16:19:26	shoes	1
4324141	10.108.118.43	12/01/15 16:19:37	shoes	Unknown
4324141	10.108.118.43	12/01/15 16:19:37	shoes	Unknown
4324141	10.108.118.43	12/01/15 16:19:56	shoes	Unknown
4324141	10.108.118.43	12/01/15 16:20:02	shoes	Unknown
4324141	10.108.118.43	12/01/15 16:20:28	shoes	Unknown
4324141	10.108.118.43	12/01/15 16:20:36	shoes	Unknown
4324141	10.108.118.43	12/01/15 16:20:50	shoes	1
3932316	127.0.0.1	12/01/15 16:23:23	digital	1
3932316	127.0.0.1	12/01/15 16:31:56	digital	1
3932316	127.0.0.1	12/01/15 16:33:14	digital	1
3932316	127.0.0.1	12/01/15 16:33:40	digital	1
3932316	127.0.0.1	12/01/15 16:36:57	digital	1
3932316	127.0.0.1	12/01/15 16:36:59	digital	1
3932316	127.0.0.1	12/01/15 16:37:00	digital	1
3932316	127.0.0.1	12/01/15 16:37:01	digital	1
3932316	127.0.0.1	12/01/15 16:37:02	digital	1
3932316	127.0.0.1	12/01/15 16:37:02	digital	1
3932316	127.0.0.1	12/01/15 16:37:03	digital	1
3932316	127.0.0.1	12/01/15 16:37:04	digital	1
3932316	127.0.0.1	12/01/15 16:37:04	digital	1
3932316	127.0.0.1	12/01/15 16:37:05	digital	1
3932316	127.0.0.1	12/01/15 16:37:06	digital	1
3932316	127.0.0.1	12/01/15 16:37:07	digital	1
9570391	127.0.0.1	12/01/15 16:37:10	Unknown	Unknown
9570391	127.0.0.1	12/01/15 16:37:12	Unknown	Unknown
9570391	127.0.0.1	12/01/15 16:37:16	digital	1
9570391	127.0.0.1	12/01/15 16:37:18	digital	1
9570391	127.0.0.1	12/01/15 16:37:19	digital	1
9570391	127.0.0.1	12/01/15 16:37:20	digital	1
9570391	127.0.0.1	12/01/15 16:37:21	digital	1
9570391	127.0.0.1	12/01/15 16:37:21	digital	1
9570391	127.0.0.1	12/01/15 16:37:22	digital	1
9570391	127.0.0.1	12/01/15 16:37:22	digital	1
9570391	127.0.0.1	12/01/15 16:37:23	digital	1
9570391	127.0.0.1	12/01/15 16:37:23	digital	1
9570391	127.0.0.1	12/01/15 16:37:24	digital	1
9570391	127.0.0.1	12/01/15 16:37:24	digital	1
9570391	127.0.0.1	12/01/15 16:37:25	digital	1
9570391	127.0.0.1	12/01/15 16:37:25	digital	1
9570391	127.0.0.1	12/01/15 16:37:26	shoes	1
9570391	127.0.0.1	12/01/15 16:37:26	shoes	1
9570391	127.0.0.1	12/01/15 16:37:27	shoes	1
9570391	127.0.0.1	12/01/15 16:37:30	shoes	1
9570391	127.0.0.1	12/01/15 16:37:37	shoes	1
9570391	127.0.0.1	12/01/15 16:37:39	shoes	1
9570391	127.0.0.1	12/01/15 16:37:40	digital	1
9570391	127.0.0.1	12/01/15 16:37:41	digital	1
9570391	127.0.0.1	12/01/15 16:37:52	digital	1
9570391	127.0.0.1	12/01/15 16:37:53	digital	1
9570391	127.0.0.1	12/01/15 16:37:54	digital	1
9570391	127.0.0.1	12/01/15 16:37:54	digital	1
9570391	127.0.0.1	12/01/15 16:37:54	digital	1
9570391	127.0.0.1	12/01/15 16:37:55	digital	1
9661993	127.0.0.1	12/01/15 16:38:21	Unknown	Unknown
9661993	127.0.0.1	12/01/15 16:38:23	Unknown	Unknown
9661993	127.0.0.1	12/01/15 16:38:26	skin	0
9661993	127.0.0.1	12/01/15 16:38:31	skin	0
9661993	127.0.0.1	12/01/15 16:38:34	skin	0
9661993	127.0.0.1	12/01/15 16:38:37	skin	0
9661993	127.0.0.1	12/01/15 16:38:38	skin	0
9661993	127.0.0.1	12/01/15 16:38:39	skin	0
9661993	127.0.0.1	12/01/15 16:38:40	shoes	0
9661993	127.0.0.1	12/01/15 16:38:40	shoes	0
9661993	127.0.0.1	12/01/15 16:45:04	shoes	0
9234255	127.0.0.1	12/01/15 16:45:09	Unknown	Unknown
9234255	127.0.0.1	12/01/15 16:45:11	Unknown	Unknown
9234255	127.0.0.1	12/01/15 16:45:14	skin	0
9234255	127.0.0.1	12/01/15 16:45:20	skin	Unknown
9234255	127.0.0.1	12/01/15 16:45:23	shoes	0
9234255	127.0.0.1	12/01/15 16:45:25	shoes	0
9234255	127.0.0.1	12/01/15 16:45:26	shoes	0
9234255	127.0.0.1	12/01/15 16:45:28	shoes	0
9234255	127.0.0.1	12/01/15 16:45:29	shoes	0
9234255	127.0.0.1	12/01/15 16:45:30	shoes	0
9234255	127.0.0.1	12/01/15 16:45:31	shoes	0
9234255	127.0.0.1	12/01/15 16:45:31	shoes	0
9234255	127.0.0.1	12/01/15 16:45:32	shoes	0
9234255	127.0.0.1	12/01/15 16:45:33	shoes	0
9234255	127.0.0.1	12/01/15 16:45:33	shoes	0
9234255	127.0.0.1	12/01/15 16:45:34	shoes	0
9234255	127.0.0.1	12/01/15 16:45:34	shoes	0
9234255	127.0.0.1	12/01/15 16:45:35	shoes	0
9234255	127.0.0.1	12/01/15 16:45:36	shoes	0
9234255	127.0.0.1	12/01/15 16:45:37	shoes	0
9234255	127.0.0.1	12/01/15 16:45:38	shoes	0
9234255	127.0.0.1	12/01/15 16:45:39	skin	0
9234255	127.0.0.1	12/01/15 16:45:42	skin	0
9234255	127.0.0.1	12/01/15 16:45:49	skin	0
9234255	127.0.0.1	12/01/15 16:45:50	skin	0
9234255	127.0.0.1	12/01/15 16:45:51	skin	0
9234255	127.0.0.1	12/01/15 16:45:52	skin	0
9234255	127.0.0.1	12/01/15 16:45:53	skin	0
9234255	127.0.0.1	12/01/15 16:45:54	skin	0
9234255	127.0.0.1	12/01/15 16:45:55	skin	0
9234255	127.0.0.1	12/01/15 16:45:55	skin	0
9234255	127.0.0.1	12/01/15 16:45:56	skin	0
2760674	127.0.0.1	12/01/15 16:45:59	Unknown	Unknown
2760674	127.0.0.1	12/01/15 16:46:04	Unknown	Unknown
2760674	127.0.0.1	12/01/15 16:46:04	skin	0
2760674	127.0.0.1	12/01/15 16:46:18	skin	0
2760674	127.0.0.1	12/01/15 16:46:21	skin	0
2760674	127.0.0.1	12/01/15 16:46:21	skin	0
2760674	127.0.0.1	12/01/15 16:46:22	skin	0
2760674	127.0.0.1	12/01/15 16:46:23	skin	0
2760674	127.0.0.1	12/01/15 16:46:24	skin	0
2760674	127.0.0.1	12/01/15 16:46:25	skin	0
2760674	127.0.0.1	12/01/15 16:46:27	skin	0
2760674	127.0.0.1	12/01/15 16:46:28	skin	0
2760674	127.0.0.1	12/01/15 16:46:29	skin	0
2760674	127.0.0.1	12/01/15 16:46:30	skin	0
2760674	127.0.0.1	12/01/15 16:46:31	skin	0
2760674	127.0.0.1	12/01/15 16:46:32	skin	0
2760674	127.0.0.1	12/01/15 16:46:33	skin	0
2760674	127.0.0.1	12/01/15 16:46:33	skin	0
2760674	127.0.0.1	12/01/15 16:46:34	skin	0
2760674	127.0.0.1	12/01/15 16:46:35	skin	0
2760674	127.0.0.1	12/01/15 16:46:36	skin	0
2760674	127.0.0.1	12/01/15 16:46:42	skin	0
2760674	127.0.0.1	12/01/15 16:46:43	skin	0
2760674	127.0.0.1	12/01/15 16:46:44	skin	0
2760674	127.0.0.1	12/01/15 16:46:45	skin	0
2760674	127.0.0.1	12/01/15 16:46:46	skin	0
5737026	10.210.30.115	12/01/15 19:28:52	Unknown	Unknown
2960775	10.108.121.44	12/01/15 19:28:59	skin	0
5737026	10.210.30.115	12/01/15 19:29:17	Unknown	Unknown
5737026	10.210.30.115	12/01/15 19:29:23	digital	1
5737026	10.210.30.115	12/01/15 19:29:33	digital	1
5737026	10.210.30.115	12/01/15 19:29:36	digital	1
5737026	10.210.30.115	12/01/15 19:29:37	digital	1
5737026	10.210.30.115	12/01/15 19:29:38	digital	1
5737026	10.210.30.115	12/01/15 19:29:39	digital	1
5737026	10.210.30.115	12/01/15 19:29:40	digital	1
5737026	10.210.30.115	12/01/15 19:29:41	digital	1
5737026	10.210.30.115	12/01/15 19:29:42	digital	1
5737026	10.210.30.115	12/01/15 19:29:43	digital	1
5737026	10.210.30.115	12/01/15 19:29:44	digital	1
5737026	10.210.30.115	12/01/15 19:29:47	digital	1
5737026	10.210.30.115	12/01/15 19:29:49	digital	1
5737026	10.210.30.115	12/01/15 19:29:50	digital	1
5737026	10.210.30.115	12/01/15 19:29:51	digital	1
5737026	10.210.30.115	12/01/15 19:29:52	digital	1
5737026	10.210.30.115	12/01/15 19:29:53	digital	1
5737026	10.210.30.115	12/01/15 19:29:54	digital	1
5737026	10.210.30.115	12/01/15 19:29:55	digital	1
5737026	10.210.30.115	12/01/15 19:29:56	digital	1
5737026	10.210.30.115	12/01/15 19:29:58	digital	1
5737026	10.210.30.115	12/01/15 19:30:01	digital	1
5737026	10.210.30.115	12/01/15 19:30:02	digital	1
5737026	10.210.30.115	12/01/15 19:30:03	digital	1
5737026	10.210.30.115	12/01/15 19:30:04	digital	1
5737026	10.210.30.115	12/01/15 19:30:06	digital	1
5737026	10.210.30.115	12/01/15 19:30:07	digital	1
5737026	10.210.30.115	12/01/15 19:30:08	digital	1
5737026	10.210.30.115	12/01/15 19:30:09	digital	1
5737026	10.210.30.115	12/01/15 19:30:10	digital	1
5737026	10.210.30.115	12/01/15 19:30:17	digital	1
5737026	10.210.30.115	12/01/15 19:31:32	digital	1
5737026	10.210.30.115	12/01/15 19:31:49	digital	1
5737026	10.210.30.115	12/01/15 19:31:52	digital	1
5737026	10.210.30.115	12/01/15 19:31:54	shoes	1
5737026	10.210.30.115	12/01/15 19:31:56	shoes	1
5737026	10.210.30.115	12/01/15 19:31:58	shoes	1
5737026	10.210.30.115	12/01/15 19:31:59	shoes	1
5737026	10.210.30.115	12/01/15 19:31:59	shoes	1
5737026	10.210.30.115	12/01/15 19:32:00	shoes	1
5737026	10.210.30.115	12/01/15 19:32:01	shoes	1
5737026	10.210.30.115	12/01/15 19:32:02	shoes	1
5737026	10.210.30.115	12/01/15 19:32:03	shoes	1
5737026	10.210.30.115	12/01/15 19:32:04	shoes	1
5737026	10.210.30.115	12/01/15 19:32:31	shoes	1
5737026	10.210.30.115	12/01/15 19:32:33	shoes	1
5737026	10.210.30.115	12/01/15 19:32:33	shoes	1
5737026	10.210.30.115	12/01/15 19:32:34	shoes	1
5737026	10.210.30.115	12/01/15 19:32:37	shoes	1
5737026	10.210.30.115	12/01/15 19:32:38	shoes	1
5737026	10.210.30.115	12/01/15 19:32:39	shoes	1
5737026	10.210.30.115	12/01/15 19:32:39	shoes	1
5737026	10.210.30.115	12/01/15 19:32:40	shoes	1
5737026	10.210.30.115	12/01/15 19:32:41	shoes	1
5737026	10.210.30.115	12/01/15 19:32:41	shoes	1
5737026	10.210.30.115	12/01/15 19:32:42	shoes	1
5737026	10.210.30.115	12/01/15 19:32:43	shoes	1
5737026	10.210.30.115	12/01/15 19:32:44	shoes	1
5737026	10.210.30.115	12/01/15 19:32:44	shoes	1
5737026	10.210.30.115	12/01/15 19:32:45	shoes	1
5737026	10.210.30.115	12/01/15 19:32:46	shoes	1
5737026	10.210.30.115	12/01/15 19:32:46	shoes	1
5737026	10.210.30.115	12/01/15 19:32:47	shoes	1
5737026	10.210.30.115	12/01/15 19:32:49	shoes	1
5737026	10.210.30.115	12/01/15 19:32:49	shoes	1
5737026	10.210.30.115	12/01/15 19:32:50	shoes	1
5737026	10.210.30.115	12/01/15 19:32:57	shoes	1
5737026	10.210.30.115	12/01/15 19:32:58	shoes	1
5737026	10.210.30.115	12/01/15 19:33:04	shoes	1
5737026	10.210.30.115	12/01/15 19:33:05	shoes	1
5737026	10.210.30.115	12/01/15 19:33:06	shoes	1
5737026	10.210.30.115	12/01/15 19:33:07	shoes	1
5737026	10.210.30.115	12/01/15 19:33:08	shoes	1
5737026	10.210.30.115	12/01/15 19:33:09	shoes	1
5737026	10.210.30.115	12/01/15 19:33:51	shoes	1
5737026	10.210.30.115	12/01/15 19:33:53	shoes	1
5737026	10.210.30.115	12/01/15 19:33:53	shoes	1
5737026	10.210.30.115	12/01/15 19:33:54	shoes	1
5737026	10.210.30.115	12/01/15 19:33:55	shoes	1
5737026	10.210.30.115	12/01/15 19:33:55	shoes	1
5737026	10.210.30.115	12/01/15 19:33:56	shoes	1
5737026	10.210.30.115	12/01/15 19:33:56	shoes	1
5737026	10.210.30.115	12/01/15 19:33:57	shoes	1
5737026	10.210.30.115	12/01/15 19:33:58	shoes	1
5737026	10.210.30.115	12/01/15 19:33:58	shoes	1
5737026	10.210.30.115	12/01/15 19:33:59	shoes	1
5737026	10.210.30.115	12/01/15 19:33:59	shoes	1
5737026	10.210.30.115	12/01/15 19:34:00	shoes	1
5737026	10.210.30.115	12/01/15 19:34:02	shoes	1
5737026	10.210.30.115	12/01/15 19:34:03	shoes	1
5737026	10.210.30.115	12/01/15 19:34:03	shoes	1
5737026	10.210.30.115	12/01/15 19:34:04	shoes	1
5737026	10.210.30.115	12/01/15 19:34:05	shoes	1
5737026	10.210.30.115	12/01/15 19:34:05	shoes	1
5737026	10.210.30.115	12/01/15 19:34:06	shoes	1
5737026	10.210.30.115	12/01/15 19:34:07	shoes	1
5737026	10.210.30.115	12/01/15 19:34:08	shoes	1
5737026	10.210.30.115	12/01/15 19:34:08	shoes	1
5737026	10.210.30.115	12/01/15 19:34:09	shoes	1
5737026	10.210.30.115	12/01/15 19:34:10	shoes	1
5737026	10.210.30.115	12/01/15 19:36:16	shoes	1
1425017	114.255.40.45	Thu Dec  3 21:31:	Unknown	Unknown
863857	114.255.40.45	Thu Dec  3 21:45:28 2015	Unknown	Unknown
5385611	114.255.40.45	Thu Dec  3 21:46:04 2015	Unknown	Unknown
5432543	114.255.40.45	Thu Dec  3 22:04:00 2015	Unknown	Unknown
1094561	114.255.40.45	Thu Dec  3 22:05:30 2015	Unknown	Unknown
1268533	114.255.40.45	Thu Dec  3 22:05:30 2015	Unknown	Unknown
4906265	114.255.40.45	Thu Dec  3 22:13:58 2015	Unknown	Unknown
5338116	114.255.40.45	Thu Dec  3 22:15:53 2015	Unknown	Unknown
799305	114.255.40.45	Thu Dec  3 22:15:59 2015	Unknown	Unknown
643766	114.255.40.45	Thu Dec  3 22:52:29 2015	Unknown	Unknown
5943899	115.236.140.12	Fri Dec  4 00:42:19 2015	Unknown	Unknown
1133779	115.236.140.12	Fri Dec  4 00:42:19 2015	Unknown	Unknown
9220402	183.60.48.110	Fri Dec  4 01:36:58 2015	Unknown	Unknown
4791220	117.62.183.69	Fri Dec  4 01:58:02 2015	Unknown	Unknown
8276208	202.4.35.92	Fri Dec  4 02:24:48 2015	Unknown	Unknown
1568229	137.226.113.7	Fri Dec  4 02:31:43 2015	Unknown	Unknown
3697892	61.151.186.141	Fri Dec  4 02:39:35 2015	Unknown	Unknown
5382240	119.147.21.64	Fri Dec  4 07:03:13 2015	Unknown	Unknown
1801684	61.151.186.141	Fri Dec  4 07:12:22 2015	Unknown	Unknown
7157064	183.60.163.144	Fri Dec  4 08:51:54 2015	Unknown	Unknown
8787880	180.153.214.176	Fri Dec  4 09:20:05 2015	Unknown	Unknown
6675995	114.255.40.45	12/04/15 10:01:58	Unknown	Unknown
6675995	114.255.40.45	12/04/15 10:02:01	Unknown	Unknown
6675995	114.255.40.45	12/04/15 10:02:05	Unknown	Unknown
6675995	114.255.40.45	12/04/15 10:02:10	Unknown	Unknown
6675995	114.255.40.45	12/04/15 10:02:15	Unknown	Unknown
6675995	114.255.40.45	12/04/15 10:02:16	Unknown	Unknown
6675995	114.255.40.45	12/04/15 10:02:18	Unknown	Unknown
6675995	114.255.40.45	12/04/15 10:02:22	Unknown	Unknown
6675995	114.255.40.45	12/04/15 10:02:24	Unknown	Unknown
6675995	114.255.40.45	12/04/15 10:02:45	Unknown	Unknown
6675995	114.255.40.45	12/04/15 10:03:36	Unknown	Unknown
6675995	114.255.40.45	12/04/15 10:04:05	Unknown	Unknown
6675995	114.255.40.45	12/04/15 10:04:39	Unknown	Unknown
6675995	114.255.40.45	12/04/15 10:04:46	Unknown	Unknown
6675995	114.255.40.45	12/04/15 10:06:35	Unknown	Unknown
6675995	114.255.40.45	12/04/15 10:08:02	Unknown	Unknown
6675995	114.255.40.45	12/04/15 10:08:08	Unknown	Unknown
6675995	114.255.40.45	12/04/15 10:08:39	Unknown	Unknown
6675995	114.255.40.45	12/04/15 10:10:26	Unknown	Unknown
6675995	114.255.40.45	12/04/15 10:11:04	Unknown	Unknown
6675995	114.255.40.45	12/04/15 10:12:34	Unknown	Unknown
6675995	114.255.40.45	12/04/15 10:13:28	Unknown	Unknown
6675995	114.255.40.45	12/04/15 10:13:33	Unknown	Unknown
6675995	114.255.40.45	12/04/15 10:14:36	Unknown	Unknown
6675995	114.255.40.45	12/04/15 10:15:32	Unknown	Unknown
6675995	114.255.40.45	12/04/15 10:15:34	Unknown	Unknown
6675995	114.255.40.45	12/04/15 10:15:36	Unknown	Unknown
6675995	114.255.40.45	12/04/15 10:15:37	Unknown	Unknown
6675995	114.255.40.45	12/04/15 10:15:38	Unknown	Unknown
6369588	114.255.40.45	Fri Dec  4 10:17:35 2015	Unknown	Unknown
6825894	128.199.182.139	Fri Dec  4 10:32:45 2015	Unknown	Unknown
3119530	128.199.182.139	12/04/15 10:34:07	Unknown	Unknown
3119530	128.199.182.139	12/04/15 10:34:14	Unknown	Unknown
3119530	128.199.182.139	12/04/15 10:34:28	Unknown	Unknown
3119530	128.199.182.139	12/04/15 10:34:38	Unknown	Unknown
3119530	128.199.182.139	12/04/15 10:35:03	skin	0
3119530	128.199.182.139	12/04/15 10:35:32	skin	0
3119530	128.199.182.139	12/04/15 10:35:50	skin	0
3119530	128.199.182.139	12/04/15 10:35:51	skin	0
3119530	128.199.182.139	12/04/15 10:36:00	skin	Unknown
3119530	128.199.182.139	12/04/15 10:36:02	skin	Unknown
3119530	128.199.182.139	12/04/15 10:36:04	skin	Unknown
3119530	128.199.182.139	12/04/15 10:36:09	skin	Unknown
3119530	128.199.182.139	12/04/15 10:36:14	skin	Unknown
3119530	128.199.182.139	12/04/15 10:36:20	skin	Unknown
3119530	128.199.182.139	12/04/15 10:36:27	skin	Unknown
3119530	128.199.182.139	12/04/15 10:36:34	skin	Unknown
3119530	128.199.182.139	12/04/15 10:36:40	skin	Unknown
3119530	128.199.182.139	12/04/15 10:38:08	skin	Unknown
3119530	128.199.182.139	12/04/15 10:39:50	skin	Unknown
3119530	128.199.182.139	12/04/15 10:46:48	skin	Unknown
3119530	128.199.182.139	12/04/15 10:51:03	skin	Unknown
3119530	128.199.182.139	12/04/15 11:02:12	skin	Unknown
1328912	128.199.182.139	12/04/15 11:02:17	Unknown	Unknown
1328912	128.199.182.139	12/04/15 11:02:34	Unknown	Unknown
1328912	128.199.182.139	12/04/15 11:02:45	Unknown	Unknown
1328912	128.199.182.139	12/04/15 11:02:46	Unknown	Unknown
1328912	128.199.182.139	12/04/15 11:03:04	digital	1
1328912	114.255.40.45	12/04/15 11:05:15	digital	1
1328912	114.255.40.45	12/04/15 11:05:20	digital	1
1328912	114.255.40.45	12/04/15 11:05:24	digital	1
1328912	114.255.40.45	12/04/15 11:05:25	digital	1
1328912	114.255.40.45	12/04/15 11:05:26	digital	1
1328912	114.255.40.45	12/04/15 11:05:28	skin	1
1328912	114.255.40.45	12/04/15 11:05:29	skin	1
1328912	114.255.40.45	12/04/15 11:05:36	skin	1
1328912	114.255.40.45	12/04/15 11:05:37	skin	1
1328912	114.255.40.45	12/04/15 11:05:39	skin	1
1328912	114.255.40.45	12/04/15 11:05:41	skin	1
1328912	114.255.40.45	12/04/15 11:05:43	digital	1
1328912	114.255.40.45	12/04/15 11:05:45	digital	1
1328912	114.255.40.45	12/04/15 11:05:46	digital	1
1328912	114.255.40.45	12/04/15 11:05:48	digital	1
1328912	114.255.40.45	12/04/15 11:05:49	digital	1
1328912	114.255.40.45	12/04/15 11:05:51	digital	1
1328912	114.255.40.45	12/04/15 11:05:53	digital	1
1328912	114.255.40.45	12/04/15 11:05:54	digital	1
1328912	114.255.40.45	12/04/15 11:05:56	digital	1
1328912	114.255.40.45	12/04/15 11:05:58	digital	1
1328912	114.255.40.45	12/04/15 11:06:00	digital	1
1328912	114.255.40.45	12/04/15 11:06:02	digital	1
1328912	114.255.40.45	12/04/15 11:06:03	digital	1
1328912	114.255.40.45	12/04/15 11:06:05	digital	1
1328912	114.255.40.45	12/04/15 11:06:06	digital	1
1328912	114.255.40.45	12/04/15 11:06:07	digital	1
1328912	114.255.40.45	12/04/15 11:06:09	digital	1
1328912	114.255.40.45	12/04/15 11:06:10	digital	1
1328912	114.255.40.45	12/04/15 11:06:12	digital	1
1328912	114.255.40.45	12/04/15 11:06:13	digital	1
1328912	114.255.40.45	12/04/15 11:06:14	digital	1
1328912	114.255.40.45	12/04/15 11:06:15	digital	1
1328912	114.255.40.45	12/04/15 11:06:17	digital	1
1328912	114.255.40.45	12/04/15 11:06:18	digital	1
1328912	114.255.40.45	12/04/15 11:06:19	digital	1
1328912	114.255.40.45	12/04/15 11:06:20	digital	1
1328912	114.255.40.45	12/04/15 11:06:49	digital	1
1328912	114.255.40.45	12/04/15 11:06:50	digital	1
1328912	114.255.40.45	12/04/15 11:13:08	digital	1
1328912	114.255.40.45	12/04/15 11:13:37	digital	1
1328912	114.255.40.45	12/04/15 11:14:03	digital	1
1328912	114.255.40.45	12/04/15 11:14:08	digital	1
1328912	114.255.40.45	12/04/15 11:14:12	digital	1
1328912	114.255.40.45	12/04/15 11:14:13	digital	1
1328912	114.255.40.45	12/04/15 11:14:14	digital	1
1328912	114.255.40.45	12/04/15 11:14:15	digital	1
1328912	114.255.40.45	12/04/15 11:14:16	digital	1
1328912	114.255.40.45	12/04/15 11:14:17	digital	1
4673641	114.255.40.45	12/04/15 11:14:20	Unknown	Unknown
5485699	101.226.68.179	12/04/15 11:15:43	Unknown	Unknown
4673641	114.255.40.45	12/04/15 11:16:05	Unknown	Unknown
2090026	183.61.1.178	12/04/15 11:16:58	Unknown	Unknown
83918	114.255.40.53	12/04/15 11:18:59	Unknown	Unknown
83918	114.255.40.53	12/04/15 11:19:03	Unknown	Unknown
83918	114.255.40.53	12/04/15 11:19:13	Unknown	Unknown
83918	114.255.40.53	12/04/15 11:19:17	Unknown	Unknown
83918	114.255.40.53	12/04/15 11:19:19	digital	1
83918	114.255.40.53	12/04/15 11:19:22	digital	1
83918	114.255.40.53	12/04/15 11:19:24	digital	1
83918	114.255.40.53	12/04/15 11:19:26	digital	1
83918	114.255.40.53	12/04/15 11:19:27	digital	1
83918	114.255.40.53	12/04/15 11:19:29	digital	1
6029674	114.255.40.24	12/04/15 11:19:42	Unknown	Unknown
9397981	114.255.40.53	12/04/15 11:19:49	Unknown	Unknown
6029674	114.255.40.24	12/04/15 11:19:50	Unknown	Unknown
6029674	114.255.40.24	12/04/15 11:19:59	digital	1
6029674	114.255.40.24	12/04/15 11:20:07	skin	Unknown
9397981	114.255.40.53	12/04/15 11:20:13	Unknown	Unknown
6029674	114.255.40.24	12/04/15 11:20:17	skin	0
6029674	114.255.40.24	12/04/15 11:20:26	skin	0
6029674	114.255.40.24	12/04/15 11:20:29	skin	0
6029674	114.255.40.24	12/04/15 11:20:31	skin	0
6029674	114.255.40.24	12/04/15 11:20:33	digital	1
8423837	114.242.249.213	12/04/15 11:21:28	Unknown	Unknown
8423837	114.242.249.213	12/04/15 11:21:32	Unknown	Unknown
8423837	114.242.249.213	12/04/15 11:21:38	skin	0
9450688	61.135.190.197	12/04/15 11:44:03	Unknown	Unknown
4673641	114.255.40.45	12/04/15 14:10:56	Unknown	Unknown
7821236	183.61.37.98	12/04/15 15:00:12	Unknown	Unknown
4673641; wordpress_test_cookie=WP+Cookie+check; wordpress_logged_in_23a6ec578c2d8e8665c3a51aa7640dbd=zxc701%7C1449384914%7CGI9fgbKILp37S5WRmewY2Fv9oKEVRBUGImOnmwstb4j%7C1954144567b7efed6e648440d8b9eafa212f0aa2c08101c891d16452a042750b; wp-settings-time-1=1449212737	114.255.40.45	12/04/15 15:05:57	Unknown	Unknown
796374	113.108.0.27	12/04/15 16:55:31	Unknown	Unknown
4673641; wp-settings-1=libraryContent%3Dbrowse; wp-settings-time-1=1449222063	114.255.40.45	12/04/15 20:03:28	Unknown	Unknown
9091138	123.56.64.43	12/04/15 20:52:20	Unknown	Unknown
4673641; wp-settings-1=libraryContent%3Dbrowse; wp-settings-time-1=1449222063; wordpress_test_cookie=WP+Cookie+check; wordpress_logged_in_23a6ec578c2d8e8665c3a51aa7640dbd=zxc701%7C1449405031%7Cr0j6LG1ku30v6EjiuVkl908ek8j0vBSRspVWV686npv%7C17e953b6b0130562712a2378b09d9518a0ca7ba0d3d6a9d1eb6fc651083ba87c	114.255.40.45	12/04/15 21:13:32	Unknown	Unknown
9189506	114.255.40.45	12/04/15 21:27:07	Unknown	Unknown
9189506	114.255.40.45	12/04/15 21:27:23	Unknown	Unknown
9189506	114.255.40.45	12/04/15 21:27:26	Unknown	Unknown
9189506	114.255.40.45	12/04/15 21:27:27	Unknown	Unknown
9189506	114.255.40.45	12/04/15 21:27:28	digital	1
9189506	114.255.40.45	12/04/15 21:27:30	digital	1
9189506	114.255.40.45	12/04/15 21:27:34	digital	1
9189506	114.255.40.45	12/04/15 21:27:36	digital	Unknown
9189506	114.255.40.45	12/04/15 21:27:37	digital	Unknown
9189506	114.255.40.45	12/04/15 21:27:38	digital	Unknown
9189506	114.255.40.45	12/04/15 21:27:40	digital	Unknown
9189506	114.255.40.45	12/04/15 21:27:40	digital	Unknown
9189506	114.255.40.45	12/04/15 21:27:41	digital	Unknown
9189506	114.255.40.45	12/04/15 21:27:42	digital	Unknown
9189506	114.255.40.45	12/04/15 21:27:43	digital	Unknown
9189506	114.255.40.45	12/04/15 21:27:43	digital	Unknown
9189506	114.255.40.45	12/04/15 21:27:45	digital	Unknown
9189506	114.255.40.45	12/04/15 21:27:47	digital	Unknown
9189506	114.255.40.45	12/04/15 21:27:48	digital	Unknown
9189506	114.255.40.45	12/04/15 21:27:49	digital	Unknown
9189506	114.255.40.45	12/04/15 21:27:49	digital	Unknown
9189506	114.255.40.45	12/04/15 21:27:49	digital	Unknown
9189506	114.255.40.45	12/04/15 21:27:49	digital	Unknown
9189506	114.255.40.45	12/04/15 21:27:49	digital	Unknown
9189506	114.255.40.45	12/04/15 21:27:49	digital	Unknown
9189506	114.255.40.45	12/04/15 21:27:49	digital	Unknown
9189506	114.255.40.45	12/04/15 21:27:49	digital	Unknown
9189506	114.255.40.45	12/04/15 21:27:49	digital	Unknown
9189506	114.255.40.45	12/04/15 21:27:49	digital	Unknown
9189506	114.255.40.45	12/04/15 21:27:50	digital	Unknown
9189506	114.255.40.45	12/04/15 21:27:50	digital	Unknown
9189506	114.255.40.45	12/04/15 21:27:50	digital	Unknown
9189506	114.255.40.45	12/04/15 21:27:50	digital	Unknown
9189506	114.255.40.45	12/04/15 21:27:50	digital	Unknown
9189506	114.255.40.45	12/04/15 21:27:50	digital	Unknown
9189506	114.255.40.45	12/04/15 21:27:53	digital	Unknown
9189506	114.255.40.45	12/04/15 21:27:55	digital	Unknown
9189506	114.255.40.45	12/04/15 21:27:56	digital	Unknown
9189506	114.255.40.45	12/04/15 21:28:04	digital	Unknown
9189506	114.255.40.45	12/04/15 21:28:05	digital	Unknown
9189506	114.255.40.45	12/04/15 21:28:07	digital	Unknown
9189506	114.255.40.45	12/04/15 21:28:12	digital	Unknown
9189506	114.255.40.45	12/04/15 21:28:12	digital	Unknown
9189506	114.255.40.45	12/04/15 21:28:13	digital	Unknown
9189506	114.255.40.45	12/04/15 21:28:15	digital	Unknown
9189506	114.255.40.45	12/04/15 21:28:17	digital	Unknown
9189506	114.255.40.45	12/04/15 21:28:18	digital	Unknown
9189506	114.255.40.45	12/04/15 21:28:24	digital	Unknown
9189506	114.255.40.45	12/04/15 21:28:26	digital	Unknown
9189506	114.255.40.45	12/04/15 21:28:27	digital	Unknown
9189506	114.255.40.45	12/04/15 21:28:28	digital	Unknown
9189506	114.255.40.45	12/04/15 21:28:28	digital	Unknown
9189506	114.255.40.45	12/04/15 21:28:28	digital	Unknown
9189506	114.255.40.45	12/04/15 21:28:29	digital	Unknown
9189506	114.255.40.45	12/04/15 21:28:29	digital	Unknown
9189506	114.255.40.45	12/04/15 21:28:30	digital	Unknown
9189506	114.255.40.45	12/04/15 21:29:33	digital	Unknown
9189506	114.255.40.45	12/04/15 21:29:36	digital	Unknown
9189506	114.255.40.45	12/04/15 21:29:37	digital	Unknown
9189506	114.255.40.45	12/04/15 21:29:38	digital	Unknown
9189506	114.255.40.45	12/04/15 21:29:39	skin	0
9189506	114.255.40.45	12/04/15 21:29:41	skin	0
9189506	114.255.40.45	12/04/15 21:29:42	skin	0
9189506	114.255.40.45	12/04/15 21:29:43	skin	0
9189506	114.255.40.45	12/04/15 21:29:44	skin	0
9189506	114.255.40.45	12/04/15 21:29:45	skin	0
9189506	114.255.40.45	12/04/15 21:29:46	skin	0
9189506	114.255.40.45	12/04/15 21:29:47	skin	0
9189506	114.255.40.45	12/04/15 21:29:48	skin	0
9189506	114.255.40.45	12/04/15 21:29:49	skin	0
9189506	114.255.40.45	12/04/15 21:29:50	skin	0
9189506	114.255.40.45	12/04/15 21:29:51	skin	0
9189506	114.255.40.45	12/04/15 21:29:52	skin	0
9189506	114.255.40.45	12/04/15 21:29:54	skin	0
9189506	114.255.40.45	12/04/15 21:29:55	skin	0
9189506	114.255.40.45	12/04/15 21:29:56	skin	0
9189506	114.255.40.45	12/04/15 21:29:57	skin	0
9189506	114.255.40.45	12/04/15 21:29:58	skin	0
9189506	114.255.40.45	12/04/15 21:30:01	skin	0
9189506	114.255.40.45	12/04/15 21:30:01	skin	0
4530719	114.255.40.45	12/04/15 21:34:45	Unknown	Unknown
4530719	114.255.40.45	12/04/15 21:34:49	Unknown	Unknown
4530719	114.255.40.45	12/04/15 21:34:54	skin	0
4530719	114.255.40.45	12/04/15 21:34:56	skin	0
4530719	114.255.40.45	12/04/15 21:34:57	skin	0
4530719	114.255.40.45	12/04/15 21:34:58	skin	0
4530719	114.255.40.45	12/04/15 21:34:59	skin	0
4530719	114.255.40.45	12/04/15 21:35:00	skin	0
4530719	114.255.40.45	12/04/15 21:35:01	skin	0
4530719	114.255.40.45	12/04/15 21:35:01	skin	0
4530719	114.255.40.45	12/04/15 21:35:03	skin	0
4530719	114.255.40.45	12/04/15 21:35:04	skin	0
4530719	114.255.40.45	12/04/15 21:35:04	skin	0
4530719	114.255.40.45	12/04/15 21:35:05	skin	0
4530719	114.255.40.45	12/04/15 21:35:06	skin	0
4530719	114.255.40.45	12/04/15 21:35:08	skin	0
4530719	114.255.40.45	12/04/15 21:35:13	skin	0
4530719	114.255.40.45	12/04/15 21:35:14	skin	0
4530719	114.255.40.45	12/04/15 21:35:15	skin	0
4530719	114.255.40.45	12/04/15 21:35:17	skin	0
4530719	114.255.40.45	12/04/15 21:35:18	skin	0
4530719	114.255.40.45	12/04/15 21:35:19	skin	0
4530719	114.255.40.45	12/04/15 21:35:20	skin	0
4530719	114.255.40.45	12/04/15 21:35:21	skin	0
4530719	114.255.40.45	12/04/15 21:35:22	skin	0
4530719	114.255.40.45	12/04/15 21:35:22	skin	0
4530719	114.255.40.45	12/04/15 21:35:23	skin	0
4530719	114.255.40.45	12/04/15 21:35:23	skin	0
1150760	114.255.40.45	12/04/15 21:35:33	Unknown	Unknown
1150760	114.255.40.45	12/04/15 21:35:36	Unknown	Unknown
1150760	114.255.40.45	12/04/15 21:35:40	Unknown	Unknown
1150760	114.255.40.45	12/04/15 21:35:40	Unknown	Unknown
1150760	114.255.40.45	12/04/15 21:35:41	Unknown	Unknown
1150760	114.255.40.45	12/04/15 21:35:42	shoes	1
1150760	114.255.40.45	12/04/15 21:35:52	shoes	1
1150760	114.255.40.45	12/04/15 21:35:53	shoes	1
1150760	114.255.40.45	12/04/15 21:35:59	shoes	1
1150760	114.255.40.45	12/04/15 21:36:00	shoes	1
1150760	114.255.40.45	12/04/15 21:36:01	shoes	1
1150760	114.255.40.45	12/04/15 21:36:56	shoes	1
1150760	114.255.40.45	12/04/15 21:45:59	shoes	1
1150760	114.255.40.45	12/04/15 21:46:14	shoes	1
5424176	117.78.134.136	12/04/15 22:00:28	Unknown	Unknown
5424176	117.78.134.136	12/04/15 22:01:08	Unknown	Unknown
1150760	114.255.40.45	12/04/15 22:01:09	shoes	1
1150760	114.255.40.45	12/04/15 22:01:16	shoes	1
5424176	117.78.134.136	12/04/15 22:01:35	skin	0
5424176	117.78.134.136	12/04/15 22:01:44	skin	0
5424176	117.78.134.136	12/04/15 22:01:51	skin	0
5424176	117.78.134.136	12/04/15 22:03:22	skin	0
1150760	114.255.40.45	12/04/15 22:08:04	shoes	1
5425102	114.255.40.45	12/04/15 22:22:32	Unknown	Unknown
8889355	61.151.186.141	12/04/15 22:25:29	Unknown	Unknown
7717328	114.246.87.60	12/04/15 22:27:17	Unknown	Unknown
35686	114.255.40.45	12/04/15 22:29:58	Unknown	Unknown
35686	114.255.40.45	12/04/15 22:30:40	Unknown	Unknown
35686	114.255.40.45	12/04/15 22:30:53	skin	0
35686	114.255.40.45	12/04/15 22:30:56	skin	0
7672597	58.249.64.156	12/04/15 23:21:13	Unknown	Unknown
7672597	58.248.199.241	12/04/15 23:21:38	Unknown	Unknown
7672597	58.249.64.156	12/04/15 23:21:38	Unknown	Unknown
7672597	58.249.64.156	12/04/15 23:21:50	shoes	0
7672597	58.248.199.241	12/04/15 23:42:18	shoes	0
9911693	117.62.183.99	12/05/15 01:36:31	Unknown	Unknown
9911693	117.62.183.99	12/05/15 01:36:31	Unknown	Unknown
2973112	183.60.48.110	12/05/15 01:51:45	Unknown	Unknown
5025297	220.181.108.77	12/05/15 02:51:41	Unknown	Unknown
6868057	163.172.7.229	12/05/15 02:52:16	Unknown	Unknown
9465031	183.60.63.203	12/05/15 02:55:45	Unknown	Unknown
315422	119.147.21.64	12/05/15 07:03:37	Unknown	Unknown
63638	180.153.160.14	12/05/15 07:27:19	Unknown	Unknown
8423837	114.255.40.51	12/05/15 09:10:42	skin	0
8423837	114.255.40.51	12/05/15 09:18:12	skin	0
4719703	115.236.140.12	12/05/15 09:41:57	Unknown	Unknown
3390154	115.236.140.12	12/05/15 09:41:57	Unknown	Unknown
3204860	113.108.0.27	12/05/15 09:54:55	Unknown	Unknown
9610212	116.21.200.76	12/05/15 10:11:29	Unknown	Unknown
35686	114.255.40.45	12/05/15 14:45:49	skin	0
6841168	103.240.16.119	12/05/15 15:27:16	Unknown	Unknown
4243254	113.108.0.27	12/05/15 17:26:17	Unknown	Unknown
3822371	113.142.24.15	12/05/15 18:02:05	Unknown	Unknown
642521	113.142.24.15	12/05/15 18:02:05	Unknown	Unknown
9124836	113.142.24.15	12/05/15 18:02:07	Unknown	Unknown
9992492	113.142.24.15	12/05/15 18:02:07	Unknown	Unknown
6458004	113.142.24.15	12/05/15 18:02:12	Unknown	Unknown
7381001	113.142.24.15	12/05/15 18:02:12	Unknown	Unknown
1517925	113.142.24.15	12/05/15 18:02:13	Unknown	Unknown
7988529	113.142.24.15	12/05/15 18:02:13	Unknown	Unknown
1488811	113.142.24.15	12/05/15 18:02:13	Unknown	Unknown
3555630	113.142.24.15	12/05/15 18:02:14	Unknown	Unknown
6110100	113.142.24.15	12/05/15 18:02:18	Unknown	Unknown
2145487	113.142.24.15	12/05/15 18:02:18	Unknown	Unknown
7002828	113.142.24.15	12/05/15 18:02:19	Unknown	Unknown
3323529	113.142.24.15	12/05/15 18:02:20	Unknown	Unknown
3282363	113.142.24.15	12/05/15 18:02:20	Unknown	Unknown
7072823	113.142.24.15	12/05/15 18:02:21	Unknown	Unknown
5943575	113.142.24.15	12/05/15 18:02:31	Unknown	Unknown
8603370	113.142.24.15	12/05/15 18:02:31	Unknown	Unknown
4893677	113.142.24.15	12/05/15 18:02:32	Unknown	Unknown
9704404	113.142.24.15	12/05/15 18:02:32	Unknown	Unknown
1655809	113.142.24.15	12/05/15 18:02:33	Unknown	Unknown
1123979	113.142.24.15	12/05/15 18:02:33	Unknown	Unknown
4018275	113.142.24.15	12/05/15 18:02:34	Unknown	Unknown
349932	113.142.24.15	12/05/15 18:02:34	Unknown	Unknown
4169116	113.142.24.15	12/05/15 18:02:35	Unknown	Unknown
5016632	113.142.24.15	12/05/15 18:02:35	Unknown	Unknown
1870935	113.142.24.15	12/05/15 18:02:41	Unknown	Unknown
835287	113.142.24.15	12/05/15 18:02:54	Unknown	Unknown
7072043	113.142.24.15	12/05/15 18:02:55	Unknown	Unknown
4898019	113.142.24.15	12/05/15 18:02:55	Unknown	Unknown
8538007	113.142.24.15	12/05/15 18:02:55	Unknown	Unknown
5857695	113.142.24.15	12/05/15 18:02:56	Unknown	Unknown
5422972	113.142.24.15	12/05/15 18:03:10	Unknown	Unknown
6821284	113.142.24.15	12/05/15 18:03:11	Unknown	Unknown
8273279	113.142.24.15	12/05/15 18:03:12	Unknown	Unknown
4865109	113.142.24.15	12/05/15 18:03:13	Unknown	Unknown
6057973	113.142.24.15	12/05/15 18:03:14	Unknown	Unknown
1527769	113.142.24.15	12/05/15 18:03:14	Unknown	Unknown
2048996	113.142.24.15	12/05/15 18:03:15	Unknown	Unknown
600812	113.142.24.15	12/05/15 18:03:15	Unknown	Unknown
1208863	113.142.24.15	12/05/15 18:03:15	Unknown	Unknown
6691177	113.142.24.15	12/05/15 18:03:15	Unknown	Unknown
7336648	113.142.24.15	12/05/15 18:03:15	Unknown	Unknown
5461623	113.142.24.15	12/05/15 18:03:16	Unknown	Unknown
1391402	113.142.24.15	12/05/15 18:03:17	Unknown	Unknown
4614102	113.142.24.15	12/05/15 18:03:18	Unknown	Unknown
4953449	113.142.24.15	12/05/15 18:03:18	Unknown	Unknown
326924	113.142.24.15	12/05/15 18:03:19	Unknown	Unknown
286316	113.142.24.15	12/05/15 18:03:19	Unknown	Unknown
9354346	113.142.24.15	12/05/15 18:03:21	Unknown	Unknown
1180670	113.142.24.15	12/05/15 18:03:21	Unknown	Unknown
6220298	113.142.24.15	12/05/15 18:03:22	Unknown	Unknown
819006	114.255.40.4	12/05/15 22:25:05	Unknown	Unknown
819006	114.255.40.4	12/05/15 22:25:12	Unknown	Unknown
819006	114.255.40.4	12/05/15 22:25:22	digital	1
819006	114.255.40.4	12/05/15 22:25:25	digital	1
819006	114.255.40.4	12/05/15 22:25:30	digital	1
819006	114.255.40.4	12/05/15 22:25:40	digital	1
819006	114.255.40.4	12/05/15 22:26:05	digital	1
819006	114.255.40.4	12/05/15 22:27:13	digital	Unknown
819006	114.255.40.4	12/05/15 22:27:18	digital	Unknown
819006	114.255.40.4	12/05/15 22:27:23	digital	Unknown
819006	114.255.40.4	12/05/15 22:27:26	digital	Unknown
819006	114.255.40.4	12/05/15 22:27:29	digital	Unknown
819006	114.255.40.4	12/05/15 22:27:31	skin	0
819006	114.255.40.4	12/05/15 22:27:35	skin	0
9387503	61.135.190.197	12/06/15 00:31:10	Unknown	Unknown
6543382	180.153.160.14	12/06/15 00:32:15	Unknown	Unknown
6974546	123.125.71.82	12/06/15 00:44:46	Unknown	Unknown
7398395	220.181.108.115	12/06/15 00:47:04	Unknown	Unknown
4056080	195.154.191.129	12/06/15 00:55:54	Unknown	Unknown
4711862	195.154.191.129	12/06/15 00:57:55	Unknown	Unknown
8090537	113.108.0.27	12/06/15 01:14:58	Unknown	Unknown
4199708	117.78.13.57	12/06/15 01:37:25	Unknown	Unknown
9034829	220.181.108.90	12/06/15 01:45:21	Unknown	Unknown
6958135	183.60.48.110	12/06/15 02:02:58	Unknown	Unknown
7551063	219.133.49.231	12/06/15 02:48:44	Unknown	Unknown
6506267	113.108.0.27	12/06/15 03:34:01	Unknown	Unknown
8455832	119.147.21.64	12/06/15 07:03:33	Unknown	Unknown
8561490	113.108.0.27	12/06/15 10:06:28	Unknown	Unknown
2222342	45.55.247.80	12/06/15 10:32:44	Unknown	Unknown
3096297	45.55.50.105	12/06/15 11:26:27	Unknown	Unknown
5508108	180.153.81.183	12/06/15 12:31:52	Unknown	Unknown
320815	183.60.70.30	12/06/15 12:31:52	Unknown	Unknown
512181	113.108.0.27	12/06/15 16:43:46	Unknown	Unknown
35686	128.199.182.139	12/06/15 17:30:51	skin	0
35686	128.199.182.139	12/06/15 17:30:51	skin	0
5743170	115.236.140.12	12/06/15 20:26:54	Unknown	Unknown
1119207	115.236.140.12	12/06/15 20:26:54	Unknown	Unknown
5841144	114.255.40.51	12/06/15 23:13:36	Unknown	Unknown
8911478	124.207.188.68	12/06/15 23:14:42	Unknown	Unknown
8911478	124.207.188.68	12/06/15 23:14:48	Unknown	Unknown
5264924	123.125.71.53	12/07/15 00:37:30	Unknown	Unknown
3750479	220.181.108.139	12/07/15 00:47:20	Unknown	Unknown
793965	117.62.182.120	12/07/15 00:51:22	Unknown	Unknown
793965	117.62.182.120	12/07/15 00:51:46	Unknown	Unknown
377343	183.60.163.144	12/07/15 01:26:45	Unknown	Unknown
852960	183.60.48.110	12/07/15 01:54:04	Unknown	Unknown
5544994	113.108.0.27	12/07/15 03:37:20	Unknown	Unknown
5517797	61.135.190.200	12/07/15 06:28:32	Unknown	Unknown
2437429	119.147.21.64	12/07/15 07:03:42	Unknown	Unknown
35686	114.255.40.45	12/07/15 09:11:35	skin	0
2438110	113.108.0.27	12/07/15 10:13:57	Unknown	Unknown
8491327	123.56.64.43	12/07/15 10:47:04	Unknown	Unknown
6423168	180.153.81.163	12/07/15 14:14:51	Unknown	Unknown
8905059	111.248.109.42	12/07/15 16:59:38	Unknown	Unknown
1221196	113.108.0.27	12/07/15 17:17:53	Unknown	Unknown
1399078	114.255.40.46	12/07/15 19:03:41	Unknown	Unknown
1399078	114.255.40.46	12/07/15 19:03:48	Unknown	Unknown
1399078	114.255.40.46	12/07/15 19:03:59	shoes	1
1399078	114.255.40.46	12/07/15 19:04:07	shoes	1
1399078	114.255.40.46	12/07/15 19:04:24	shoes	1
1399078	114.255.40.46	12/07/15 19:04:29	shoes	1
1399078	114.255.40.46	12/07/15 19:04:33	digital	1
1399078	114.255.40.46	12/07/15 19:05:05	digital	1
6029337	137.226.113.7	12/07/15 19:33:52	Unknown	Unknown
2411069	123.125.71.83	12/07/15 19:36:07	Unknown	Unknown
1416575	183.60.15.116	12/07/15 19:42:12	Unknown	Unknown
5802874	123.125.71.84	12/07/15 20:36:19	Unknown	Unknown
3067961	220.181.108.142	12/07/15 20:51:55	Unknown	Unknown
6554214	220.181.108.83	12/07/15 21:47:29	Unknown	Unknown
3985410	123.125.71.113	12/07/15 22:36:12	Unknown	Unknown
1568313	95.27.10.131	12/07/15 23:04:26	Unknown	Unknown
4835031	95.27.10.131	12/07/15 23:04:26	Unknown	Unknown
980040	123.125.71.92	12/07/15 23:36:16	Unknown	Unknown
498871	114.255.40.45	12/07/15 23:43:49	Unknown	Unknown
498871	114.255.40.45	12/07/15 23:43:59	Unknown	Unknown
498871	114.255.40.45	12/07/15 23:44:15	digital	1
498871	114.255.40.45	12/07/15 23:44:29	digital	1
5841144	61.148.243.174	12/07/15 23:44:52	Unknown	Unknown
8544430	180.153.214.190	12/07/15 23:44:52	Unknown	Unknown
5841144	61.148.243.174	12/07/15 23:47:09	Unknown	Unknown
5841144	61.148.243.174	12/07/15 23:47:13	Unknown	Unknown
5841144	61.148.243.174	12/07/15 23:47:15	digital	1
498871	114.255.40.45	12/07/15 23:47:29	digital	1
7258325	112.64.235.90	12/08/15 00:01:42	Unknown	Unknown
6323206	180.76.15.143	12/08/15 00:15:01	Unknown	Unknown
7670998	123.125.71.88	12/08/15 00:36:10	Unknown	Unknown
1286347	113.108.0.27	12/08/15 00:51:09	Unknown	Unknown
4934468	220.181.108.116	12/08/15 01:44:10	Unknown	Unknown
3512618	183.60.48.110	12/08/15 01:47:35	Unknown	Unknown
3649981	123.125.71.75	12/08/15 02:33:08	Unknown	Unknown
1756432	219.133.49.231	12/08/15 02:43:10	Unknown	Unknown
8812412	113.104.215.14	12/08/15 03:08:02	Unknown	Unknown
3875688	183.60.70.30	12/08/15 04:20:55	Unknown	Unknown
8141399	115.236.140.12	12/08/15 06:02:43	Unknown	Unknown
2932732	115.236.140.12	12/08/15 06:02:43	Unknown	Unknown
6602262	119.147.21.64	12/08/15 07:03:15	Unknown	Unknown
8948554	202.4.35.92	12/08/15 07:38:54	Unknown	Unknown
913466	113.108.0.27	12/08/15 09:44:10	Unknown	Unknown
9457024	119.188.76.9	12/08/15 11:44:06	Unknown	Unknown
4114640	113.108.0.27	12/08/15 17:23:39	Unknown	Unknown
8201872	61.135.190.69	12/08/15 19:02:12	Unknown	Unknown
2929934	124.205.103.186	12/08/15 19:54:22	Unknown	Unknown
7539782	124.205.103.186	12/08/15 19:54:22	Unknown	Unknown
8530612	101.226.33.201	12/08/15 19:55:02	Unknown	Unknown
9946782	114.255.40.28	12/08/15 19:55:02	Unknown	Unknown
9946782	114.255.40.28	12/08/15 19:55:12	Unknown	Unknown
9946782	114.255.40.28	12/08/15 19:55:25	Unknown	Unknown
5611035	114.255.40.28	12/08/15 19:56:07	Unknown	Unknown
5611035	114.255.40.28	12/08/15 19:56:16	Unknown	Unknown
5611035	114.255.40.28	12/08/15 19:56:20	Unknown	Unknown
5611035	114.255.40.28	12/08/15 19:56:24	Unknown	Unknown
35686	114.255.40.45	12/08/15 19:56:33	skin	0
35686	114.255.40.45	12/08/15 19:56:33	skin	0
5931729	114.255.40.28	12/08/15 19:56:38	Unknown	Unknown
3606212	114.255.40.45	12/08/15 19:56:41	Unknown	Unknown
5931729	114.255.40.28	12/08/15 19:56:44	Unknown	Unknown
5931729	114.255.40.28	12/08/15 19:56:49	Unknown	Unknown
5931729	114.255.40.28	12/08/15 19:56:52	Unknown	Unknown
5931729	114.255.40.28	12/08/15 19:57:15	Unknown	Unknown
5669342	114.255.40.32	12/08/15 19:57:50	Unknown	Unknown
5669342	114.255.40.32	12/08/15 19:58:02	Unknown	Unknown
5669342	114.255.40.32	12/08/15 19:58:15	skin	0
5669342	114.255.40.32	12/08/15 19:58:17	skin	0
5669342	114.255.40.32	12/08/15 19:58:30	skin	Unknown
5669342	114.255.40.32	12/08/15 19:58:32	skin	Unknown
5669342	114.255.40.32	12/08/15 19:58:37	digital	1
5669342	114.255.40.32	12/08/15 20:01:03	digital	1
5669342	114.255.40.32	12/08/15 20:01:06	digital	1
5669342	114.255.40.32	12/08/15 20:01:11	digital	1
5669342	114.255.40.32	12/08/15 20:01:14	digital	1
5669342	114.255.40.32	12/08/15 20:01:18	skin	Unknown
5669342	114.255.40.32	12/08/15 20:01:20	skin	Unknown
5931729	114.255.40.28	12/08/15 20:04:50	Unknown	Unknown
5931729	114.255.40.28	12/08/15 20:04:51	Unknown	Unknown
5931729	114.255.40.28	12/08/15 20:04:55	Unknown	Unknown
5198253	114.255.40.28	12/08/15 20:09:46	Unknown	Unknown
6007638	180.153.160.14	12/08/15 20:22:03	Unknown	Unknown
9946782	114.255.40.28	12/08/15 21:35:28	Unknown	Unknown
3754490	172.82.163.107	12/08/15 22:36:40	Unknown	Unknown
958920	172.82.163.107	12/08/15 22:36:41	Unknown	Unknown
3195208	123.125.71.117	12/09/15 00:38:08	Unknown	Unknown
3994057	220.181.108.148	12/09/15 00:44:19	Unknown	Unknown
2826409	113.108.0.27	12/09/15 01:06:40	Unknown	Unknown
912640	183.60.48.110	12/09/15 01:34:32	Unknown	Unknown
5614390	123.125.71.82	12/09/15 01:35:42	Unknown	Unknown
6310893	46.188.54.80	12/09/15 01:35:56	Unknown	Unknown
7604365	94.180.172.48	12/09/15 01:35:58	Unknown	Unknown
4940286	220.181.108.160	12/09/15 01:43:42	Unknown	Unknown
6632015	123.125.71.106	12/09/15 02:33:52	Unknown	Unknown
8027363	220.181.108.186	12/09/15 02:40:26	Unknown	Unknown
3848950	121.15.57.155	12/09/15 03:08:03	Unknown	Unknown
8348043	119.147.21.64	12/09/15 07:03:30	Unknown	Unknown
7803368	104.131.51.25	12/09/15 08:53:39	Unknown	Unknown
5214406	61.151.186.141	12/09/15 09:36:35	Unknown	Unknown
7712116	183.61.37.98	12/09/15 11:45:13	Unknown	Unknown
3308622	61.151.186.141	12/09/15 16:08:24	Unknown	Unknown
8912600	115.236.140.12	12/09/15 16:43:09	Unknown	Unknown
9003551	115.236.140.12	12/09/15 16:43:09	Unknown	Unknown
7201034	125.88.149.36	12/09/15 18:05:27	Unknown	Unknown
1388478	125.88.149.36	12/09/15 18:06:17	Unknown	Unknown
1388478	125.88.149.36	12/09/15 18:06:41	Unknown	Unknown
1388478	125.88.149.36	12/09/15 18:06:44	Unknown	Unknown
1388478	125.88.149.36	12/09/15 18:06:55	digital	1
1388478	125.88.149.35	12/09/15 18:08:49	digital	1
1388478	125.88.149.35	12/09/15 18:09:05	digital	1
1388478	125.88.149.35	12/09/15 18:09:07	digital	1
1388478	125.88.149.35	12/09/15 18:09:12	digital	1
1388478	125.88.149.35	12/09/15 18:09:15	digital	1
1388478	125.88.149.35	12/09/15 18:09:18	skin	0
725948	137.226.113.7	12/09/15 19:25:28	Unknown	Unknown
3606212	114.255.40.45	12/09/15 22:37:15	Unknown	Unknown
9385108	114.255.40.45	12/09/15 22:37:26	Unknown	Unknown
9385108	114.255.40.45	12/09/15 22:37:51	Unknown	Unknown
9385108	114.255.40.45	12/09/15 22:37:53	Unknown	Unknown
9385108	114.255.40.45	12/09/15 22:37:55	Unknown	Unknown
9385108	114.255.40.45	12/09/15 22:37:56	Unknown	Unknown
9385108	114.255.40.45	12/09/15 22:37:58	Unknown	Unknown
9385108	114.255.40.45	12/09/15 22:37:59	skin	0
5130498	61.151.186.141	12/09/15 22:59:32	Unknown	Unknown
7310345	123.125.71.44	12/10/15 00:37:34	Unknown	Unknown
4105426	113.142.24.15	12/10/15 00:58:05	Unknown	Unknown
6340657	113.142.24.15	12/10/15 00:58:06	Unknown	Unknown
9126066	113.142.24.15	12/10/15 00:58:08	Unknown	Unknown
3317373	113.142.24.15	12/10/15 00:58:08	Unknown	Unknown
8328920	113.142.24.15	12/10/15 00:58:15	Unknown	Unknown
5167335	113.142.24.15	12/10/15 00:58:16	Unknown	Unknown
4985580	113.142.24.15	12/10/15 00:58:16	Unknown	Unknown
3167846	113.142.24.15	12/10/15 00:58:17	Unknown	Unknown
3358882	113.142.24.15	12/10/15 00:58:20	Unknown	Unknown
4075131	113.142.24.15	12/10/15 00:58:21	Unknown	Unknown
4173930	113.142.24.15	12/10/15 00:58:27	Unknown	Unknown
7542923	113.142.24.15	12/10/15 00:58:28	Unknown	Unknown
6537152	113.142.24.15	12/10/15 00:58:28	Unknown	Unknown
3026336	113.142.24.15	12/10/15 00:58:29	Unknown	Unknown
