8999477	shoes10
8999477	shoes04
8999477	skin01
4809091	shoes07
4809091	shoes03
4382146	digital09
1364703	shoes07
6467875	shoes04
6467875	skin03
6973794	shoes07
9005365	digital01
9005365	skin05
9005365	shoes07
6973794	digital03
6973794	digital02
4175095	skin01
4175095	skin03
4175095	skin05
5458460	shoes10
5458460	shoes06
4425353	digital05
4425353	shoes01
4425353	shoes02
4425353	shoes07
1553558	skin05
1553558	skin03
3055577	digital05
3055577	skin09
3055577	shoes07
3055577	digital01
3055577	skin05
3055577	digital05
3055577	digital01
3055577	skin09
3055577	skin01
3055577	skin09
3055577	shoes04
3055577	skin04
3055577	shoes06
2252684	shoes10
2252684	shoes04
1553558	skin02
1553558	skin02
1553558	skin02
5866892	shoes10
5866892	digital09
5866892	digital05
8922088	shoes07
8922088	shoes01
9232401	skin09
9232401	shoes10
9232401	skin09
9232401	digital05
9232401	digital05
9232401	digital01
9232401	shoes07
9232401	digital05
9232401	shoes01
9232401	digital09
9232401	digital01
9232401	digital05
2582115	shoes10
2582115	shoes04
2582115	skin01
2582115	skin01
2582115	skin05
2582115	skin09
2582115	shoes10
2582115	shoes10
2582115	shoes04
2582115	shoes10
6719215	skin05
6719215	skin09
6719215	skin09
6719215	shoes04
270102	shoes01
270102	shoes07
9232401	shoes08
9232401	shoes03
9232401	shoes02
9232401	digital05
9232401	digital04
9232401	shoes08
9232401	digital05
9232401	digital04
9232401	digital02
9232401	shoes08
9232401	digital05
6484486	digital01
6484486	shoes07
7985018	skin01
7985018	skin05
7985018	skin09
1093884	skin01
294263	skin09
9700320	digital05
9700320	digital01
9700320	skin09
9700320	skin05
9700320	skin01
9700320	shoes01
9700320	shoes07
9700320	shoes04
9700320	shoes10
9700320	shoes10
9700320	digital09
8685623	skin09
8685623	digital01
8685623	digital05
2904885	skin09
2904885	skin01
9031346	skin05
2904885	digital09
2904885	digital09
2904885	digital09
1924593	shoes07
294263	skin09
294263	skin09
294263	skin09
2904885	digital09
2904885	shoes04
9700320	digital09
1924593	digital01
9700320	digital05
9700320	digital01
2904885	shoes07
9700320	digital05
9700320	digital09
9031346	skin05
2904885	digital05
2904885	digital01
1924593	digital05
2904885	digital01
9700320	digital01
9031346	skin05
9700320	digital05
2904885	digital01
9700320	shoes10
2904885	digital01
2873900	skin09
2873900	skin05
1924593	shoes07
2904885	shoes04
2904885	shoes01
2904885	digital03
1093884	shoes04
6749561	shoes10
6749561	digital01
1093884	shoes04
9564612	shoes07
1093884	skin01
1093884	skin05
9564612	digital05
6749561	shoes07
9564612	digital01
6749561	shoes04
6749561	shoes10
3963151	shoes01
8423722	digital09
8423722	shoes07
9224211	digital05
9224211; td_cookie=18446744071383364132	digital05
6167502	digital05
279180	digital05
1093884	skin01
1093884	skin05
1093884	skin04
1093884	shoes06
1093884	shoes11
9404380	shoes01
9404380	shoes04
9404380	digital01
9404380	digital05
9404380	shoes04
9404380	digital09
9404380	shoes01
9404380	digital04
9404380	digital05
1936850	digital01
1936850	shoes10
1936850	skin01
1936850	shoes07
294263	shoes05
1093884	shoes06
3671700	digital01
3671700	skin05
1936850	digital01
1936850	shoes04
1352745	digital01
436717	digital09
436717	digital05
436717	shoes07
8192511	shoes04
8192511	shoes04
8192511	skin05
1602626	skin05
1602626	digital01
2328213	digital05
2328213	digital05
2328213	digital05
2328213	shoes04
2328213	shoes07
2328213	digital09
2328213	digital09
2328213	digital01
2328213	digital01
2328213	shoes01
2328213	digital02
9489754	shoes07
9489754	shoes07
9489754	digital01
9489754	shoes07
9489754	shoes07
7097471	digital09
7097471	digital05
7097471	shoes07
7097471	shoes01
428738	skin01
428738	digital09
428738	shoes07
428738	digital01
428738	digital05
428738	shoes01
428738	digital05
428738	digital01
428738	shoes01
428738	shoes01
428738	shoes01
428738	shoes01
2878842	skin09
2878842	digital01
5837400	shoes10
5837400	skin09
5837400	skin01
5837400	skin05
5837400	skin01
5837400	skin01
5837400	shoes11
9738176	skin09
9738176	skin09
6707572	skin01
3960877	shoes07
3960877	shoes07
3960877	digital03
3960877	digital03
1229032	digital01
1229032	digital05
1229032	digital09
9487875	shoes07
9487875	shoes10
9487875	digital09
9845045	digital09
2458051	digital01
5629430	skin01
5629430	shoes07
7320734	shoes07
7320734	shoes08
7320734	digital05
7320734	digital02
344826	digital01
344826	shoes04
344826	digital09
344826	digital05
253913	digital01
4681992	digital01
4681992	digital09
4681992	skin01
4681992	digital04
4681992	shoes02
4681992	shoes08
4681992	digital05
1220075	digital09
1220075	shoes07
1220075	digital01
1220075	digital05
1220075	digital01
1220075	digital01
1220075	digital01
1220075	digital01
1220075	digital01
1220075	shoes01
1220075	shoes08
1220075	shoes08
1220075	shoes08
5321160	digital05
5321160	digital01
5321160	digital09
5321160	digital01
8137087	skin01
8137087	skin09
8137087	shoes04
3472008	skin01
3472008	digital05
3461247	shoes07
2909977	shoes01
2909977	digital01
2909977	digital05
2909977	digital05
1070523	digital01
1070523	digital05
1070523	skin05
1070523	shoes07
1070523	shoes04
1070523	shoes04
1070523	shoes10
1070523	shoes01
1070523	skin01
1070523	skin01
1070523	skin01
1070523	skin05
5754754	shoes04
1668355	skin09
1668355	skin09
1668355	skin09
1668355	digital05
1668355	shoes04
1668355	skin09
1668355	skin09
1668355	skin09
1668355	shoes04
1668355	skin01
1668355	skin01
1668355	skin01
1668355	skin05
1668355	skin09
1668355	skin05
1668355	skin01
1668355	shoes04
1668355	digital09
1668355	skin05
1668355	skin09
1668355	shoes10
1668355	skin03
1668355	skin04
1668355	skin02
1668355	skin01
1668355	shoes06
1668355	shoes05
1668355	shoes10
1668355	shoes10
1668355	shoes11
1668355	shoes10
1668355	shoes04
1668355	shoes05
1668355	shoes06
1668355	shoes05
1668355	shoes06
1668355	shoes11
1668355	shoes06
1668355	shoes11
1668355	shoes10
1668355	shoes11
1668355	shoes10
1668355	shoes06
1668355	shoes11
1668355	shoes06
1668355	shoes10
1668355	shoes11
1668355	shoes06
1668355	shoes10
1668355	shoes11
1668355	shoes05
1668355	shoes10
1668355	shoes05
1668355	shoes11
1668355	shoes06
1668355	shoes11
1668355	shoes05
1668355	shoes04
1668355	shoes06
1668355	shoes11
1668355	shoes11
ESSIONIDQASBQDRC=HJNCEIDDOOKIJECJODIJEKMD;ASPSESSIONIDQSCCTADB=ACDBJAOCGNMMIABENILOEENF;	skin09
843195	shoes10
843195	digital05
843195	skin05
843195	skin01
843195	skin05
843195	shoes01
843195	shoes07
843195	shoes04
843195	shoes10
5353479	shoes04
5353479	shoes04
5353479	digital01
5353479	shoes04
5353479	shoes10
9297298	shoes10
9297298	shoes10
9297298	digital01
9297298	shoes06
9297298	shoes04
6754803	skin05
6754803	shoes04
6754803	digital05
1888523	shoes01
1888523	digital09
ESSIONIDQASBQDRC=HJNCEIDDOOKIJECJODIJEKMD;ASPSESSIONIDQSCCTADB=ACDBJAOCGNMMIABENILOEENF;	shoes10
3403150	skin01
3403150	skin05
3403150	skin09
3403150	digital09
3403150	shoes01
3403150	shoes01
3403150	shoes01
3403150	shoes01
3403150	shoes01
3403150	shoes01
3403150	shoes01
3403150	shoes01
3403150	shoes01
6685661	digital09
6685661	digital05
6685661	digital01
6685661	skin09
6685661	shoes07
6685661	skin01
6685661	shoes04
6685661	shoes07
3574055	skin05
3574055	digital01
3574055	digital09
3574055	shoes10
3574055	shoes07
7375210	digital05
7375210	shoes04
7375210	shoes10
7375210	digital01
7375210	digital09
7375210	shoes01
7375210	skin05
7375210	skin01
7375210	digital09
7375210	skin09
7375210	shoes07
7375210	digital09
7375210	digital05
7375210	digital01
7375210	shoes07
7375210	digital09
8205083	shoes04
8205083	digital09
8205083	digital05
1365250	digital09
1365250	digital01
1365250	shoes01
1365250	shoes07
1365250	shoes04
1365250	shoes10
1365250	skin09
1365250	digital05
364838	shoes10
364838	digital05
8192008	skin09
8192008	digital09
8192008	shoes04
9993268	digital01
9993268	skin01
9993268	digital01
9993268	digital01
9993268	digital09
9993268	shoes07
9993268	shoes10
9993268	shoes01
9993268	shoes01
9993268	shoes01
9993268	shoes01
9993268	shoes01
9993268	digital05
9993268	digital05
9993268	digital05
9993268	digital05
9993268	digital05
9993268	digital05
9993268	digital05
9993268	digital05
9993268	digital09
9993268	digital09
9993268	digital09
9993268	digital05
9993268	digital03
9993268	digital05
6376707	shoes07
8096729	skin05
8096729	shoes11
8096729	shoes05
5635381	digital09
7773034	skin09
1693124	skin09
3500884	skin01
3500884	digital05
6249979	digital09
5737616	skin01
5737616	shoes10
5737616	digital09
5737616	skin09
6942005	shoes10
6942005	skin05
9391634	skin09
9391634	skin05
8886234	digital09
8886234	digital09
8886234	digital05
8886234	digital01
3147948	digital09
3147948	digital09
3147948	digital05
3147948	digital01
3147948	shoes07
3147948	digital09
3147948	digital05
3147948	digital05
3147948	skin05
9288116	shoes01
9288116	shoes04
9288116	digital05
9288116	digital09
9288116	skin05
9288116	skin01
3671457	digital05
3671457	digital05
3671457	digital09
3671457	digital01
3671457	shoes01
3671457	shoes08
3671457	digital03
3671457	digital01
1805180	digital05
1805180	shoes10
3082404	digital01
3082404	shoes07
330151	skin05
330151	digital05
4733879	shoes04
576913	digital01
576913	shoes07
1990205	shoes07
1990205	shoes04
1990205	shoes07
1990205	shoes01
1990205	digital01
3632968	digital05
3632968	shoes04
3632968	shoes04
3632968	shoes04
3632968	digital09
3632968	shoes07
3632968	shoes01
3632968	digital05
3632968	shoes01
3632968	shoes07
3632968	shoes07
3632968	shoes07
3632968	shoes07
3632968	shoes07
3632968	shoes07
3632968	shoes01
3632968	shoes07
3632968	shoes07
8830578	digital05
8830578	digital01
8830578	shoes04
8830578	shoes07
8830578	skin01
3624495	skin01
3624495	shoes04
3624495	shoes10
3624495	shoes07
3624495	shoes01
3624495	digital01
3624495	shoes01
3624495	digital05
3624495	digital09
3624495	digital09
1790523	digital09
5852563	shoes01
5852563	shoes04
5093055	skin05
5093055	digital05
5093055	digital09
5093055	shoes07
8946016	digital01
8946016	digital01
8946016	digital09
8946016	digital05
8946016	shoes07
8946016	shoes07
8946016	shoes07
8946016	digital05
2105406	skin09
2105406	skin01
2105406	skin05
2105406	skin09
2105406	skin09
2105406	skin09
2879481	digital01
2879481	digital05
2879481	shoes02
2879481	shoes07
2879481	shoes08
2879481	digital01
3356046	digital09
3356046	digital09
3356046	shoes01
8041419	digital01
8041419	digital05
8041419	digital01
8041419	digital09
8041419	digital01
ESSIONIDQASBQDRC=HJNCEIDDOOKIJECJODIJEKMD;ASPSESSIONIDQSCCTADB=ACDBJAOCGNMMIABENILOEENF;	digital09
9553736	skin01
9553736	skin05
9553736	skin09
9553736	skin09
9553736	digital05
9553736	digital09
9553736	shoes10
9553736	shoes10
9553736	shoes04
9553736	shoes05
9553736	shoes05
9553736	skin01
1379014	digital05
1379014	digital01
1379014	digital09
1379014	digital09
1379014	shoes04
1379014	skin09
98220	skin05
98220	skin01
98220	shoes07
98220	shoes10
98220	shoes04
98220	shoes07
98220	skin04
98220	skin03
98220	skin02
5456671	skin09
5456671	digital05
1379014	digital03
2358064	skin09
2358064	digital01
2358064	shoes10
4963256	skin01
4963256	digital09
7247809	digital09
7247809	digital09
7247809	digital01
1159111	digital09
1159111	shoes02
2616652	skin05
ESSIONIDQASBQDRC=HJNCEIDDOOKIJECJODIJEKMD;ASPSESSIONIDQSCCTADB=ACDBJAOCGNMMIABENILOEENF;	skin05
2616652	skin09
2616652	shoes04
2616652	shoes10
2616652	digital09
2616652	skin05
2616652	shoes07
146385	skin05
146385	digital09
5537822	shoes10
2521401	shoes10
6985628	digital01
6985628	digital01
6985628	shoes03
6985628	shoes08
6985628	digital04
9391634	skin04
1215562	skin05
1215562	skin01
4191036	shoes01
4191036	digital05
4191036	digital01
4191036	digital05
4191036	digital05
4191036	digital09
4191036	digital09
4191036	digital09
4191036	digital09
4191036	digital09
4191036	digital09
4191036	digital09
4191036	digital09
4191036	digital09
4191036	skin01
4191036	shoes07
4191036	shoes07
4191036	shoes07
4191036	shoes07
4191036	shoes07
4191036	shoes07
4191036	shoes07
4191036	shoes07
4191036	shoes07
4191036	shoes07
4191036	shoes07
4191036	digital09
4191036	digital05
4191036	digital05
4191036	digital05
4191036	digital05
4191036	digital05
4191036	digital05
8660165	digital05
2389361	shoes07
2389361	shoes04
2389361	shoes10
2389361	shoes07
2389361	shoes07
2389361	digital09
2389361	shoes10
2389361	shoes04
4191036	shoes01
4191036	shoes03
4191036	shoes08
4191036	shoes07
4191036	shoes02
4191036	shoes01
814334	skin05
814334	skin09
814334	digital01
814334	skin01
814334	skin02
814334	shoes04
814334	shoes06
814334	skin01
814334	skin05
814334	skin02
814334	shoes04
814334	shoes05
814334	shoes05
814334	shoes06
814334	shoes04
814334	shoes11
814334	shoes06
814334	shoes05
814334	shoes04
814334	shoes10
814334	shoes11
814334	shoes05
814334	shoes05
814334	shoes04
814334	shoes06
5606623	digital01
5606623	digital09
5606623	shoes10
5606623	shoes07
5606623	shoes07
5606623	shoes07
2389361	shoes07
2389361	shoes04
2389361	shoes01
2389361	skin01
7054927	digital05
7054927	skin05
7054927	skin09
7054927	shoes10
7054927	digital09
690314	shoes01
690314	shoes04
690314	shoes07
690314	digital09
690314	digital01
4191036	digital03
9516762	digital01
9516762	shoes07
9516762	shoes01
5170375	skin09
5170375	skin03
7134296	skin05
7134296	skin01
7134296	skin09
ESSIONIDQASBQDRC=HJNCEIDDOOKIJECJODIJEKMD;ASPSESSIONIDQSCCTADB=ACDBJAOCGNMMIABENILOEENF;	skin01
2230792	digital05
1814071	shoes04
1814071	digital09
1814071	skin01
1814071	shoes07
4987778	digital01
4987778	shoes01
8798044	shoes10
8798044	shoes01
8798044	shoes07
8798044	shoes10
8798044	digital09
8786444	skin01
4369561	digital01
4369561	digital05
4369561	shoes01
ESSIONIDQASBQDRC=HJNCEIDDOOKIJECJODIJEKMD;ASPSESSIONIDQSCCTADB=ACDBJAOCGNMMIABENILOEENF;	digital05
1591805	shoes07
1591805	shoes07
1751000	skin09
1751000	skin09
1751000	digital05
1751000	shoes07
2282488	skin01
2282488	digital05
2282488	digital09
2282488	shoes01
7156847	digital01
7156847	digital05
7156847	digital09
7156847	shoes07
7156847	shoes01
7156847	shoes10
7156847	digital01
7156847	digital05
7156847	digital09
9391634	skin01
9391634	skin02
9391634	skin03
1792212	shoes07
1792212	digital05
1792212	shoes01
9238670	shoes01
9238670	shoes07
2085181	shoes10
2085181	digital01
2085181	digital01
2282488	skin01
2282488	digital05
2282488	digital01
2282488	skin01
2282488	skin01
2282488	skin01
2282488	skin01
2282488	skin01
2282488	digital01
2282488	skin01
2282488	skin01
2282488	skin01
2282488	digital01
2282488	shoes01
2282488	skin05
2282488	digital05
2282488	skin01
2282488	shoes10
2282488	shoes01
2282488	digital09
2282488	skin01
2282488	shoes07
2282488	skin01
2282488	digital05
2282488	shoes01
2282488	digital09
2282488	shoes10
2282488	skin01
2282488	skin01
2282488	skin01
2282488	digital05
2282488	skin01
2282488	digital05
2282488	shoes01
2282488	shoes04
2282488	digital09
2282488	skin01
2282488	digital01
2282488	shoes01
2282488	skin01
2282488	skin09
2282488	skin01
2282488	skin01
2282488	skin01
2282488	digital01
2282488	shoes01
2282488	shoes04
2282488	digital09
2282488	skin01
2282488	skin01
2282488	skin01
2282488	skin01
2282488	digital05
2282488	skin01
2282488	skin09
2282488	digital01
2282488	skin01
2282488	skin05
2282488	skin01
2282488	skin01
2282488	digital01
2282488	digital05
2282488	skin09
2282488	skin01
2282488	digital05
2282488	skin01
2282488	skin05
2282488	skin09
2282488	digital01
2282488	digital05
2282488	skin01
2282488	skin05
2282488	skin01
2282488	skin09
2282488	digital01
2282488	digital05
2282488	skin01
2282488	digital01
2282488	skin01
2282488	digital05
2282488	skin01
2282488	skin01
2282488	digital01
2282488	digital05
2282488	skin01
2282488	skin09
2282488	digital05
2282488	skin01
2282488	skin05
2282488	skin05
2282488	skin09
2282488	skin01
2282488	skin01
2282488	skin01
2282488	skin01
2282488	skin01
2282488	digital01
2282488	skin05
2282488	digital05
2282488	shoes01
2282488	shoes04
2282488	digital09
2282488	skin01
2282488	skin01
2282488	digital05
2282488	skin01
2282488	shoes01
2282488	skin01
2282488	digital05
2282488	shoes01
2282488	shoes04
2282488	skin01
2282488	digital01
2282488	skin01
2282488	skin05
2282488	skin09
2282488	shoes01
2282488	skin01
2282488	digital09
2282488	shoes01
2282488	skin01
2282488	skin01
2282488	skin01
2282488	skin09
2282488	skin01
2282488	skin09
2282488	skin05
2282488	digital05
2282488	shoes01
2282488	shoes07
2282488	shoes04
2282488	shoes10
2282488	digital09
2282488	shoes01
2282488	skin01
2282488	skin05
2282488	shoes07
2282488	shoes04
2282488	shoes10
2282488	digital09
2282488	skin05
2282488	skin01
2282488	skin05
2282488	skin09
2282488	skin09
2282488	digital01
2282488	digital05
2282488	shoes01
2282488	shoes07
2282488	shoes04
2282488	shoes10
2282488	digital09
2282488	skin01
2282488	shoes01
2282488	shoes07
2282488	shoes04
2282488	shoes10
2282488	digital09
2282488	skin01
2282488	shoes01
2282488	shoes07
2282488	shoes04
2282488	shoes10
2282488	skin01
2282488	shoes01
2282488	shoes07
2282488	skin01
2282488	skin09
2282488	skin01
2282488	digital05
2282488	skin01
2282488	skin05
2282488	skin09
2282488	skin01
2282488	digital01
2282488	skin09
2282488	digital01
2282488	skin01
2282488	digital05
2282488	skin09
